,car_id,target_reg,num_fold
0,y13744087j,9492.96,1
1,O41613818T,2656.23,5
2,d-2109686j,1526.11,8
3,u29695600e,1338.0,2
4,N-8915870N,825.72,9
5,b12101843B,5069.89,2
6,Q-9368117S,3528.55,5
7,O-2124190y,24814.13,1
8,h16895544p,1851.93,3
9,K77009462l,4146.26,8
10,s45684436W,3725.06,4
11,E-7624014J,3278.12,5
12,I49569137x,3224.24,7
13,f20619972B,4539.21,9
14,N18554472N,4530.13,1
15,O-2225875m,846.4,2
16,B11433908y,470.6,2
17,K20059604P,2396.86,2
18,D10115495S,4151.84,0
19,s-2136281x,1204.19,4
20,z72983842Y,441.95,6
21,s-1094161i,4831.8,5
22,Z-1155909A,4165.56,7
23,Z-1196295K,854.46,2
24,i31421704Y,3352.57,1
25,t10463236f,9931.92,1
26,v13404305i,3182.07,7
27,m20203244V,2155.83,1
28,k-1015732Y,791.31,1
29,m-8965256V,6240.59,5
30,U13022243O,2011.84,0
31,j12330862q,1737.21,7
32,C-5320082T,4193.79,1
33,s17672064L,1317.98,1
34,d19359573S,1778.52,2
35,O22361854N,2605.17,3
36,i-1479300M,3151.92,8
37,L60286103R,5140.35,4
38,p26377723i,1700.22,1
39,W-1512641W,931.67,7
40,y-3838245t,2084.35,3
41,b-2719977Z,2417.85,7
42,D-2109758O,388.89,6
43,M89853598O,3184.16,3
44,z34396656x,6997.92,4
45,S19803153J,1818.35,1
46,y35650754l,4108.2,0
47,U-1719392C,1753.55,3
48,Q12359942h,2640.76,8
49,F-2082660j,3259.36,1
50,C15164392z,3261.91,7
51,A-6969550V,1177.22,7
52,H21489304G,3413.66,6
53,Y-4731644Z,2949.02,7
54,Y-1002609O,1018.06,3
55,q11941907L,5891.36,3
56,W17831606Y,4870.08,4
57,u-1788771U,716.56,0
58,F-1257166O,1678.7,8
59,k82740809C,1158.26,5
60,A13746070T,1131.87,5
61,E-1356165C,2489.56,6
62,w-1247670S,5781.02,4
63,t11173721p,1733.67,1
64,i-1340626g,2795.67,4
65,G11530237Q,490.68,0
66,z-1854947J,4794.82,6
67,G-1102710u,943.47,6
68,q-1861373D,979.91,0
69,F-1720906M,19080.4,8
70,N-1361542t,4311.55,7
71,b-1432630h,1072.63,4
72,h-5381376K,9640.15,7
73,P-1870462h,6382.65,0
74,v-9248915k,1037.44,3
75,K51907129A,5447.62,6
76,X-1892335q,1028.13,9
77,v19385068r,2229.25,3
78,m-9741436p,6296.87,4
79,I13605989C,2520.95,3
80,C-1374739x,2225.07,9
81,h20080273C,555.26,4
82,g-1944591e,5631.93,1
83,b17225071g,781.04,7
84,O13657804w,8077.89,0
85,V-7306183J,2345.16,5
86,A56074965v,376.03,1
87,f19927901y,2004.02,9
88,a-7058206h,2547.89,1
89,a55365942d,772.0,5
90,z-1220018d,1489.35,8
91,R21058725x,704.89,2
92,b-2371028p,3168.44,9
93,G43865383Q,966.5,2
94,e78313402L,377.34,2
95,d-6672088A,1524.97,9
96,b-8415196u,9181.53,6
97,N18957837j,2908.88,8
98,v69592222X,4105.05,7
99,n19871201N,31783.32,0
100,A-1683178f,3036.86,3
101,c-1462399e,5037.0,1
102,C38293729H,2155.75,8
103,M-4645533N,778.66,8
104,i22101695X,5551.8,8
105,c22334367p,3299.04,4
106,S61532080S,3198.07,9
107,W-3482364r,9305.48,0
108,r-1098555x,282.2,3
109,J-2221564E,3544.37,5
110,t89744603y,2636.92,6
111,R22777636m,233.02,0
112,g95201799l,6589.99,5
113,b18050488U,386.36,2
114,C-2187827F,1274.54,3
115,a-6471303K,7740.95,2
116,u16335953I,5033.52,9
117,Z-1478978u,3052.35,8
118,u-1774078g,1746.95,2
119,e13179173i,3460.05,8
120,V-9361538G,453.91,8
121,C22072062B,3592.08,8
122,E68314843q,4274.65,6
123,k88534152q,2066.1,7
124,q12920406o,1835.49,0
125,u-1057398c,3386.01,2
126,s-3746188l,915.14,9
127,j37934708f,6015.86,9
128,M-2125716U,1004.81,0
129,A-6734908O,1605.65,4
130,f82085811L,4129.3,9
131,T-1299777v,1368.57,5
132,i21928776j,680.4,4
133,y11348057n,3633.4,5
134,a-1515400J,2120.62,7
135,S17262804N,2884.94,0
136,W14795073t,5178.41,4
137,u-1594350q,2401.26,1
138,j-1145477E,2803.34,9
139,a-7125351Z,8529.61,2
140,C73458374Q,2578.93,2
141,H42487546s,1108.69,5
142,f-4873956c,597.76,4
143,n-2171056h,966.53,7
144,B18328752a,2832.26,5
145,N-4929388x,1657.24,6
146,s-1723833v,9998.15,8
147,N15139629D,603.71,3
148,z-3170763V,10765.07,7
149,w-2294853S,9388.54,7
150,v13590850L,8368.5,5
151,N-7018320r,4224.81,4
152,C-8860661H,622.86,1
153,e-1657282o,3151.68,0
154,a-1090366N,4610.46,9
155,T-1979577d,3921.66,7
156,T10443943B,1069.05,0
157,C-7059083l,2038.89,6
158,V-2775445H,1257.84,7
159,Y-1359331n,3724.01,8
160,J-3845561g,5486.06,7
161,J-1519931T,1334.19,3
162,w-1534281h,1152.84,4
163,q25090977a,2394.9,3
164,P14343623p,2183.01,2
165,S87921938R,2513.94,6
166,Z-2503410m,910.23,7
167,X15138491s,6119.57,4
168,s12797973g,885.1,7
169,S-2166867a,2545.48,0
170,l21968436d,7613.41,2
171,e48349275H,2744.15,0
172,J-2076735y,3536.52,6
173,H73023939E,2778.43,3
174,N-6929570j,714.66,5
175,a68025486E,578.13,3
176,q-4068323Z,1811.75,8
177,V15348382y,2582.01,7
178,u14532736a,1050.58,3
179,V40334761U,6798.54,8
180,B-2214084P,1886.28,6
181,q-1404140E,385.37,1
182,A-3681208u,2820.74,7
183,E16896376o,4165.23,2
184,d-2534590I,1759.93,6
185,S-1965116I,3777.77,7
186,b-4266665E,373.01,4
187,I13914989Z,104377.42,7
188,m47130393l,3164.03,5
189,Q-7410329X,4970.19,5
190,d-1297927q,2341.05,2
191,f-1056352e,696.56,0
192,u-2070489i,43371.36,4
193,C16363758Y,637.4,2
194,i14933910A,3470.39,5
195,r-1475357U,4448.36,8
196,X61893871I,1970.79,9
197,j-1317678J,3194.95,8
198,B-1975805X,425.96,9
199,x-7526060y,2778.57,9
200,v-1386883Q,1298.86,4
201,A-1463575c,3895.83,7
202,w-9263433r,1640.48,1
203,w19872753k,1361.57,1
204,C-7911141r,3961.67,9
205,s-1960417S,13642.93,7
206,a-8546767B,2950.13,3
207,F93868144g,1041.31,7
208,T-2012068H,1870.04,4
209,w38704997k,2512.78,5
210,R14058273F,1920.5,5
211,Y-1582411z,7876.67,7
212,Q14512280H,1448.03,0
213,S18780622c,3504.3,7
214,K20448785V,1366.23,2
215,c95874857y,9907.26,2
216,g25517695C,5245.79,7
217,R-1442786V,4461.76,7
218,g-2283000q,19573.48,0
219,I-9353552N,957.69,2
220,n-1751164y,1684.13,6
221,E-2364794p,3553.83,7
222,Z10584890Y,681.36,7
223,r21240148Z,4748.78,2
224,d13892145k,424.15,5
225,N10423478l,10025.81,3
226,X45507052P,2080.47,2
227,w-1247054B,803.92,7
228,k-7428263u,509.91,3
229,I-1834975z,4080.38,6
230,X21759757Y,6995.37,6
231,g16808805U,1338.32,7
232,t15817307U,9697.6,9
233,K12580160n,1731.07,6
234,v24501032Z,5098.96,6
235,r-1234134E,875.84,5
236,F-4368553P,903.64,4
237,e19460921k,604.53,1
238,l60900580P,528.94,4
239,L-1528963w,672.92,0
240,h-5894617f,2908.99,5
241,s-4342091J,1857.19,8
242,d19132071d,3281.18,6
243,T17230987N,1069.23,2
244,y-9963220p,2035.26,4
245,e47564578c,715.61,6
246,A-1925405h,2737.5,2
247,K-1675111t,19927.9,9
248,H97009055R,2037.83,0
249,I19047773k,1375.76,8
250,n-4539806B,1978.9,0
251,i-1648732d,1197.54,4
252,e16769908F,3362.7,5
253,F16255698J,2631.06,9
254,G62687264j,2309.64,2
255,o-1192530z,1026.12,0
256,I-3923390F,2421.42,3
257,O-4279569M,6596.56,2
258,H16125822e,2222.54,5
259,o86542160V,1073.98,8
260,G13398649k,3141.07,9
261,a11345005q,38086.11,1
262,I-1647122N,3311.52,2
263,j39765515y,860.41,0
264,s22685968d,5062.14,8
265,Z-3081671k,3768.63,4
266,q14945093N,1451.4,2
267,F72202302t,3694.55,9
268,l21849080k,429.19,7
269,s54993523h,2710.48,2
270,y-1123775i,1118.11,8
271,M14149808l,3685.74,3
272,M20404037C,2137.62,1
273,b-1571829x,1244.31,0
274,s16958043k,2794.87,2
275,Y-1266722f,2237.85,9
276,d10076210Q,2034.85,7
277,H10820003r,5380.57,2
278,W10593018G,2656.65,3
279,s-5287107D,695.22,8
280,U66280408d,6258.17,7
281,D-1146124x,9911.58,9
282,Q-2259244S,515.35,5
283,D-7559160p,559.04,2
284,h13839988K,1383.52,8
285,H72631192M,963.2,9
286,L-4889905g,1200.35,0
287,z21607339H,1484.51,9
288,p-3327570V,530.52,9
289,g12467053Z,4759.11,8
290,N21846215c,26970.25,9
291,i-2453146k,3591.29,4
292,m20786215a,5488.2,3
293,n20592045x,1858.85,9
294,H22026851l,2583.5,0
295,E51339321G,12075.77,6
296,k27919049d,833.86,0
297,c33662054g,873.27,4
298,S12759270J,6702.48,5
299,M-1009693J,2673.92,4
300,H82330164N,2590.83,3
301,Q-1696362K,2300.15,8
302,a-1300283K,4911.78,0
303,f11377802P,14398.94,9
304,r-4630038Z,8007.87,6
305,N-1766675j,1680.14,7
306,D-1038999X,2909.89,6
307,H-2121225S,2579.09,8
308,U92034837a,818.3,1
309,e47878499e,6298.26,0
310,y15784992m,3613.86,1
311,Q19568266H,595.62,8
312,F-1306753r,1425.09,2
313,g-1001106Y,1100.89,6
314,e41548122F,2745.91,3
315,d-1191791F,4573.05,4
316,a-3508437r,8987.01,1
317,n10768003a,3282.11,4
318,V-1058917A,10160.54,5
319,G-1064210J,3304.79,6
320,b37898483B,2603.85,1
321,W-1942072H,1980.81,8
322,U11089784O,4067.4,8
323,o17364992e,2110.27,9
324,w10076088n,4294.57,6
325,C-2006279f,12707.49,8
326,E39641246E,3354.85,6
327,z14099268L,9356.08,3
328,V-1025313d,731.97,7
329,K20554631n,4671.8,9
330,F51416137Z,3000.12,2
331,b-3264280n,5340.27,1
332,D22362642k,5559.21,9
333,q-1916829q,1176.06,3
334,K-3971663p,1519.52,4
335,A-3756325r,1682.28,1
336,t50494237j,3255.98,8
337,O-1799431p,2492.43,7
338,R13692872e,2770.76,0
339,C12335518x,1797.88,5
340,F19492836W,563.03,1
341,X-1992655I,29919.12,7
342,l10472079P,979.09,1
343,O-4874952L,1605.54,5
344,R-7424780C,16281.76,5
345,m17609944Y,3584.5,5
346,i-4390733F,20240.13,6
347,W-1301331r,462.9,0
348,M50269450O,1693.46,0
349,I17502941F,3231.77,4
350,v-9234388J,1640.61,6
351,I16979704r,1372.22,4
352,s16218530z,938.3,3
353,k-1405918G,424.12,0
354,d-7352777o,2793.51,6
355,l61851567T,5533.75,5
356,j-2201624B,1834.64,5
357,n11802717C,759.32,5
358,j17565618E,2976.7,4
359,k16623645q,1353.88,9
360,b14467388K,6804.57,7
361,W-6742818R,3491.5,7
362,u22457924s,1008.71,7
363,t18723800A,4582.13,5
364,v-7054365O,5535.82,6
365,z-1602998Z,3086.13,5
366,x-3347185z,2413.13,6
367,n-5767544o,5330.54,4
368,e63361984l,2434.68,9
369,Y54367590b,6823.61,3
370,y11935658q,12121.91,1
371,r12380190C,2192.59,5
372,k19526508X,6668.99,1
373,v53440686O,1985.27,9
374,P-8697515N,3404.81,0
375,A-1737634s,6739.19,2
376,m-3564148V,4417.48,9
377,p22837387w,356.74,0
378,l34820395K,3362.86,4
379,y-2198122N,4697.69,2
380,T-1279192Y,3481.53,1
381,n-8990441z,963.38,3
382,P16794241p,6871.46,4
383,t73149868J,2950.32,0
384,j-7040669b,756.0,7
385,U22436282H,6089.88,5
386,p79405056U,1429.48,8
387,m-1601301c,3212.48,2
388,X72181201T,1453.47,6
389,t-9455268R,528.56,7
390,C-1104155H,688.06,3
391,U16248458j,350.91,8
392,S-4120469L,5733.37,7
393,n-1232719B,1905.8,9
394,S18963318k,639.22,7
395,G-2226752k,19972.34,4
396,k93390324e,1316.74,3
397,V-1918392R,4134.03,4
398,N17803792H,4251.21,0
399,A32458478u,5632.55,7
400,R-1710572o,1425.11,1
401,p81265760I,827.74,9
402,v-1155372j,2401.65,0
403,z73688663a,3007.92,6
404,X-1036784d,1139.86,0
405,r-1281369M,343.38,1
406,e-2751485D,2841.29,6
407,Q-1670265e,4266.28,5
408,v-1937023k,1616.25,3
409,l20591979C,666.24,8
410,c50744646N,2518.2,4
411,P13663597M,6202.38,3
412,Q11996423R,1018.05,4
413,p33048720U,3943.2,3
414,W17327191z,2274.52,3
415,X27634860c,430.05,7
416,h11151569D,2215.36,1
417,w13862354L,3011.99,5
418,G-1225214b,1509.94,7
419,A-1049127W,2285.76,5
420,B-1232981t,3724.97,8
421,m70682170q,1333.94,8
422,K-1744621w,2879.41,9
423,V43499402t,13585.1,6
424,f-2278263a,1051.78,1
425,g-6471498I,7788.92,5
426,i-3205593N,1230.03,3
427,l65240349Z,1915.9,0
428,L-2024330N,6951.18,3
429,c20826490j,1795.15,3
430,c-1675806d,871.17,8
431,Q-2037054s,2059.42,9
432,i-8030392l,6337.5,4
433,H56874337I,5229.91,1
434,l-2088564B,1800.96,7
435,g-1503076Q,2428.63,3
436,z22851238e,1046.84,2
437,I-7566385U,2067.98,8
438,Z16147645X,479.26,4
439,r-1558153U,4620.18,1
440,o-9448236d,2117.31,8
441,m17658099N,4019.58,6
442,q-1536726P,2548.51,3
443,v-1736895l,1534.49,2
444,H-1807268T,1854.95,0
445,n-1768418D,627.69,9
446,k55997232L,1037.57,1
447,L-2169697n,1644.27,5
448,E-5768743C,5459.41,2
449,s-4094631m,2664.77,7
450,V20793549R,5161.66,6
451,g11868644O,1988.28,2
452,k50823429c,2593.12,5
453,T-5659136s,6603.34,0
454,Y17601105t,2296.14,6
455,c60273416t,1081.18,3
456,t21606510Y,3406.13,9
457,R88159240t,1398.27,4
458,L21442805h,3379.23,8
459,u-2025209s,28351.07,3
460,I97024995K,1678.11,3
461,P95971972i,1929.67,2
462,P10296494R,3178.55,0
463,o-1588203t,2068.4,4
464,S-1915237T,2368.78,4
465,u-1715408i,2191.24,4
466,P-7445835e,360.69,9
467,Z-3125529h,387.82,7
468,C-1198893D,561.2,9
469,u-1140095Q,3149.74,9
470,I-8039148a,7722.61,0
471,C23250927C,8436.2,6
472,i36367577X,5117.6,8
473,J-1264842C,7244.64,0
474,X-1729593v,8110.79,8
475,W18935144W,2358.04,8
476,c-5615180M,9183.1,3
477,a-1993580l,4380.17,1
478,l20015000O,2276.07,9
479,t-1890179i,2619.56,8
480,r-2150771s,446.72,9
481,b-8006722p,2339.59,0
482,h-1013836h,680.18,6
483,O15208534I,3207.62,0
484,a-2094929a,19677.24,7
485,z-1514384W,1196.44,7
486,s-1243339h,73135.2,9
487,Z-1691162B,7570.0,1
488,P-1412506Z,6376.75,7
489,I77886789f,1402.9,3
490,e89496897S,556.35,0
491,H-2061992E,12925.74,1
492,r12485993Y,764.4,9
493,h-4055905a,1609.3,6
494,g66229611W,2153.02,0
495,t-5576466l,8002.15,7
496,O13566304w,656.52,7
497,M-1459552x,2309.16,8
498,t18819186j,7076.67,8
499,b-6894725S,2814.7,0
500,U-1517611e,1897.68,3
501,f-1766985X,14704.34,5
502,r-4232284g,5111.42,9
503,u-7756149A,5681.75,1
504,x-5093569t,6352.52,2
505,i-1106718P,97699.24,0
506,m19179340R,3868.55,4
507,p-8676887s,951.42,5
508,O21645254m,2874.12,5
509,F18814121v,2811.57,1
510,M-1529406d,408.04,5
511,S-1051984S,3513.39,2
512,v10745703c,6264.27,8
513,l57128172Q,570.25,0
514,Z-7997184C,1230.84,4
515,z86911952C,1123.69,0
516,n-3242143c,807.77,7
517,I29523102L,463.84,6
518,g-7424670L,27943.93,4
519,z45708153c,1575.27,2
520,P-1980717v,3382.4,4
521,O-2198733k,2023.08,5
522,j21765409E,5070.22,5
523,P-2832417U,5136.8,6
524,S11905138M,1420.91,3
525,V21472170q,1169.92,9
526,F-5640696g,1453.94,9
527,i10103684i,2719.76,0
528,L13493904m,2685.41,0
529,S17718285e,1698.28,2
530,W-2201967O,7840.51,4
531,G36366245G,1485.84,3
532,k-1039028Y,1189.63,9
533,d-2008716O,6147.29,0
534,x-1299683h,2573.42,3
535,r95144569S,542.73,2
536,v19098891O,1899.35,5
537,l-5953507c,3024.11,7
538,W-1211129e,3924.24,1
539,f18094807B,3298.2,8
540,W78003964P,3300.7,1
541,X-1621523j,2199.52,9
542,V-1546513V,2694.1,5
543,F-8586878o,4778.91,9
544,U55413283u,2247.72,7
545,G60874546x,1655.51,7
546,j-3298639y,2775.62,1
547,a-2231592K,2678.18,9
548,u20900113b,2223.3,3
549,t41251369W,5777.21,3
550,J-2227260C,393.62,7
551,B23940306W,9264.56,9
552,P10250273P,2895.08,4
553,r22736648k,4922.98,5
554,c46100183j,5130.8,5
555,G62087174h,6077.75,1
556,q-5999331f,415.28,4
557,i13348473C,985.76,8
558,L22673753u,685.56,1
559,c18052201Q,8634.2,2
560,A-1784046i,1383.86,6
561,i93529341g,3753.68,0
562,p22304025u,515.08,6
563,m-4969495i,1796.24,0
564,E-4032546h,4281.8,8
565,t-1355401k,3486.52,5
566,I47101924n,2534.53,7
567,z-1297205A,785.01,3
568,b15966462n,856.13,4
569,R-1683951Y,5458.97,8
570,O23711712l,7024.39,8
571,f-1250190O,1357.9,2
572,B-8541235p,2303.09,5
573,A20603057e,5147.14,2
574,r89880873T,4800.24,2
575,T-8925134M,332.63,6
576,V-9725752D,6626.88,6
577,s19895093b,1068.37,8
578,x58256990o,5760.11,4
579,l-1554787I,8584.18,8
580,b-2065373n,3965.95,2
581,U20118110o,1773.32,0
582,f17295371z,466.01,7
583,H-3434345i,747.87,2
584,c-1038656M,6438.62,1
585,b-3993593n,2166.25,3
586,A-4064758I,591.68,7
587,p-1862043f,5424.64,4
588,n-3147237F,3122.77,4
589,L18676057l,4654.14,8
590,v77404713z,7941.56,9
591,h-2382400T,5027.24,6
592,j-3753181u,848.68,5
593,m-1806910Q,365.72,5
594,N-1293747R,2932.93,9
595,H-1213278K,1302.3,7
596,k-1284276t,4686.81,4
597,w-4839718z,2041.62,4
598,L11781730e,6745.3,3
599,X25302782p,11819.02,2
600,l-4285389z,618.38,8
601,A-2110919g,2472.09,7
602,B28690472s,5077.28,4
603,b-2278301E,5350.26,6
604,n-9660895o,5045.1,7
605,I92805218s,5577.23,5
606,F14265516N,4403.46,4
607,J38284226P,26126.23,3
608,f11975477T,7866.5,1
609,p71128508c,1520.22,3
610,T19870933B,6867.58,1
611,L-2146603e,8742.95,5
612,G13349292r,550.61,3
613,c-4737890p,4166.7,6
614,S15627573c,1355.48,5
615,X83844922n,4334.85,5
616,y19652944A,3475.91,3
617,N-4842662w,347.21,4
618,W-1949796N,1417.71,7
619,u71964968t,8160.35,0
620,D46039134C,1923.01,0
621,F11676889s,5556.9,6
622,R-6844153a,713.98,1
623,n95681185i,851.06,4
624,y53052788O,2166.73,7
625,e17156131L,2318.31,7
626,I20900258y,627.06,7
627,o87681914x,5807.08,0
628,Q-5554551x,3870.32,0
629,l-1607581F,2472.96,9
630,a-9339461G,802.37,8
631,n28625799A,2106.98,4
632,N21890923Q,1791.74,1
633,g-1957069S,4170.06,2
634,e-5741942D,6967.12,8
635,y12023699E,793.22,4
636,Y-8852975t,9493.08,5
637,L-2247718T,838.72,7
638,N19589603r,1555.38,2
639,d37118079d,1113.79,0
640,s47589001I,704.23,7
641,y-1806571O,1397.87,9
642,L16050992t,6453.65,2
643,m-4274263Z,2131.2,9
644,s33927254Y,783.89,9
645,g19494953p,1362.6,6
646,Y-4198316J,8515.04,0
647,a-7282370E,830.39,8
648,z16068145k,4915.25,3
649,d-4629986a,4129.52,2
650,Q35379022F,1944.03,1
651,r10613305A,945.2,1
652,N23006473B,1756.14,8
653,m-2019578o,1486.35,5
654,W86413939q,2184.81,7
655,o-1093440v,13209.56,9
656,S-1468454C,1225.1,1
657,b-1081111P,912.7,6
658,H10062346p,21729.19,4
659,N-5708757B,1315.4,7
660,b-7098808D,567.32,6
661,M-4627743Y,2020.53,8
662,s-1392305F,2551.39,2
663,z67141488o,266.44,6
664,z-8891400p,549.37,4
665,z-5687636M,6452.72,7
666,K-1514397X,2108.35,0
667,U57863590w,5141.59,1
668,M49274481G,4082.35,1
669,a11122197a,1617.68,9
670,b15256546L,5671.77,9
671,B11239506t,4486.31,0
672,l-1337696j,1591.7,3
673,q-6650729Y,766.89,1
674,B17720677C,1034.92,0
675,s21770212W,3279.72,9
676,x30389932l,954.94,1
677,B15081492o,1129.56,2
678,O51808760A,1618.81,8
679,l62738348Q,6078.88,7
680,v-6614004H,3763.61,3
681,c21762167i,5441.45,9
682,B16746018u,1784.55,2
683,T-2093464U,675.38,8
684,t11315883F,2503.67,0
685,I-2073229s,14865.38,7
686,r-7396117p,9069.27,7
687,t-1412384s,390.32,5
688,E-2041030F,939.98,8
689,q-1744366u,2037.44,2
690,E17823137X,3653.3,1
691,n34490222d,3286.13,3
692,k20675157L,4566.73,0
693,x-1548714k,6011.43,3
694,A14861843I,6785.35,2
695,H-1457815L,1743.65,5
696,R-1948335X,5259.05,0
697,C20191765o,4030.32,1
698,R16773550u,1094.49,6
699,f18945419X,2183.41,4
700,z-3485115T,740.13,0
701,C-4073157k,665.15,1
702,u21310295q,2557.31,6
703,N-9781014K,2735.11,8
704,t22511448x,1171.54,8
705,T-4883335x,907.47,1
706,q12245711E,4411.01,8
707,B-6461335O,967.13,5
708,q15170801B,4627.18,2
709,W18060288Q,2329.86,7
710,b21711455K,1084.06,1
711,j20079629P,632.72,4
712,C11747534v,5140.66,2
713,M58894937r,1332.38,7
714,A11922887f,1489.77,1
715,n12377024x,8485.62,9
716,L-1227525r,6198.67,8
717,i-1095441d,1473.73,7
718,c12597990Y,2080.64,1
719,Q86719011p,1164.98,3
720,S-7961176I,932.07,1
721,i-2288384f,15563.74,3
722,U16614632F,2012.52,4
723,U-7130411Q,19089.59,2
724,q22813846g,245.57,1
725,i-7530121C,1932.7,6
726,g-1991724F,2071.28,0
727,P12661886a,1774.05,7
728,j-2223695S,2113.41,1
729,B-2081255O,6275.44,2
730,H97221372X,3392.01,6
731,O-2020503H,4471.78,0
732,G15670643N,2074.89,2
733,M-1335244r,1513.39,6
734,c53045565g,50529.51,4
735,Q19862548Q,1406.85,6
736,x24297410X,1155.33,2
737,n-2248103n,2714.32,9
738,J-1564265f,6354.47,1
739,z-8396890u,2657.97,1
740,S-1235434W,6741.32,4
741,W-7286692g,3546.93,0
742,l-1076081s,1811.66,9
743,s13888728i,1874.62,9
744,f-1599161k,731.87,6
745,k13011549U,2327.98,1
746,v13208941X,4698.21,3
747,b-1380770L,1194.32,3
748,X22359217a,2638.71,6
749,C50359433E,1285.94,9
750,v22254568R,3814.66,4
751,l13884760f,1545.72,3
752,W17936165j,1075.5,7
753,S-3511294t,1438.35,1
754,j58227834T,4580.67,3
755,z40790936m,560.3,5
756,k14397227n,1106.57,4
757,X62303511v,715.52,0
758,B-1561363P,858.13,5
759,i47017449U,592.02,1
760,Z17281512s,3055.21,0
761,O-1267999T,3777.05,5
762,p87595615V,1806.72,4
763,d21839434m,3355.03,9
764,t11042597E,895.5,2
765,n16260385q,3635.87,0
766,R-1126472L,2488.6,2
767,W-9477259M,2775.54,8
768,F-6369826L,2685.76,3
769,y10620904U,2257.92,6
770,Z76775340d,278.39,7
771,d-1139767Q,3828.78,2
772,C-1370961Z,19358.32,3
773,A-6054905F,7207.59,2
774,C-6638042h,1740.89,0
775,o88568317p,2204.23,0
776,Q15313356b,2218.48,0
777,W10497593m,1912.61,3
778,o-1891967P,4134.63,1
779,p22237238Z,3851.45,3
780,a41280148k,3979.79,0
781,R49036294u,682.71,9
782,z-4833684R,471.43,2
783,K20525629B,1806.57,5
784,v95100302y,2421.49,2
785,S-8715402c,10670.01,7
786,H15588497J,3436.64,4
787,L94218328d,1216.82,7
788,j55128828K,7120.68,9
789,I-9335565Q,1629.63,4
790,M19182860m,1987.36,6
791,m-2205063P,8129.61,4
792,e12051793m,1515.43,5
793,Z60523911N,2131.38,0
794,I-1072340c,5257.46,8
795,K-2460692D,1500.31,7
796,q-9818488o,1185.38,4
797,M-1351643L,2895.71,3
798,a15168936c,594.84,1
799,P-8016178d,3929.34,9
800,I-5434170l,985.97,7
801,L10152680W,1343.89,9
802,J-1648795r,846.93,1
803,p-7109749V,10025.01,7
804,g-1247997Z,5481.03,7
805,I-5970052e,7377.27,8
806,v-1935966T,3590.54,7
807,M95466176u,1675.86,4
808,x94067365b,824.57,5
809,f-1498735Z,1424.77,9
810,N-1305225x,765.0,8
811,y-2171969q,3266.16,2
812,c17052193e,2431.53,6
813,b-1872358o,648.09,6
814,o90119190V,2385.59,3
815,u-5484227S,1460.49,8
816,u82752427P,375.82,8
817,o16230080f,2564.66,9
818,m-2245548R,1016.78,1
819,w10201905w,2836.6,5
820,T-2189506b,2488.36,7
821,Z-1361289G,2611.87,1
822,Y22302267X,2153.34,9
823,l-1026528H,775.38,6
824,H-2757468E,4155.24,1
825,N-2240902Z,1149.64,7
826,x13730258P,1397.73,2
827,h12427301o,5081.19,0
828,I-2834874F,563.67,3
829,N89944460U,2949.58,6
830,j-1712772o,3746.32,5
831,c19881313A,1990.13,5
832,Q-6918324o,649.53,9
833,D-1543108f,8259.44,2
834,T-7607561S,1822.43,6
835,K-1703648s,8225.48,8
836,t97882515C,7229.2,5
837,B-1223366j,6835.97,9
838,e78136849E,4823.75,2
839,r-3130013n,1822.99,4
840,S-3888121i,2781.99,7
841,v13412057i,1474.8,9
842,w15600381D,4239.08,3
843,i98744677i,3284.52,1
844,a35746775Z,3615.41,3
845,I30300326i,2033.19,1
846,L-3013668o,6634.1,7
847,D22902572P,2193.54,6
848,h-1083202b,4687.05,6
849,m-1912665m,3064.39,5
850,t54756416j,1928.03,3
851,T20363976m,2701.84,8
852,p81056764h,1316.13,2
853,I15203455u,1305.13,6
854,U18148584e,1971.89,4
855,i-1445700R,2198.22,7
856,n-2162898E,2536.22,8
857,v-2280326L,1878.96,2
858,B54175025n,3376.09,8
859,a-1388740X,1255.57,3
860,Q72167569Z,2129.45,3
861,e10663028u,3508.14,3
862,G-8756627H,432.65,4
863,I14406288e,516.15,2
864,r-9097768K,3089.26,2
865,Y-3787995U,312.22,8
866,o-2324110V,6202.53,3
867,F18164143O,1918.01,7
868,a-2243028s,5965.01,6
869,S-1740592Q,1344.32,1
870,b-2298403w,8135.19,3
871,B17440481q,2477.28,0
872,p-1820938A,4621.78,8
873,d-4762711Z,5425.75,1
874,d-1979148g,2869.82,2
875,J22534308x,9347.99,6
876,u-1504120V,1402.82,8
877,k74625649K,3725.64,3
878,y16050355z,582.78,9
879,d-2225751Z,2872.06,3
880,o-2922285t,4784.9,3
881,Q21021305o,4127.35,8
882,h-6813015B,973.81,3
883,L-1496694j,3142.24,3
884,V-1623563U,2411.71,8
885,D-2134856N,1185.38,2
886,O-3249507n,2270.64,0
887,P-8581853M,7025.66,2
888,p10765484c,2890.96,1
889,a-5976169f,2640.64,4
890,H-4871785P,691.07,2
891,H83423387a,979.1,5
892,g18985198o,2435.25,7
893,f-1368188Z,3250.71,6
894,k-2273981K,4057.33,3
895,n81763737L,4001.23,7
896,c-1171224N,6701.44,0
897,K-2042834N,4971.66,6
898,A-7704231e,5001.61,4
899,T-2809069O,1088.58,3
900,e-2200514f,2504.14,3
901,J-1137633W,698.99,4
902,T17971896t,1866.12,3
903,z10430541i,5608.1,3
904,o-9505235X,4375.99,0
905,Z56694596c,4522.86,7
906,u-2290162o,453.05,5
907,E-5303502D,473.91,8
908,R50675613t,2396.56,9
909,H-1289656m,7349.62,3
910,O-1576355d,2187.97,3
911,U-6362584Q,1466.59,3
912,B-8479157Q,4901.32,7
913,h16559760t,1117.69,4
914,o-1530462a,2286.9,3
915,Q70371595z,660.89,2
916,v11386552i,593.32,5
917,A-8582359Y,6100.22,1
918,m-1142531u,12862.0,2
919,w21325307E,5819.21,5
920,P-8788464u,3707.07,4
921,Y11984874C,536.86,3
922,I-2085485K,1817.16,3
923,p-1607435n,2463.72,2
924,v-7267042G,5234.43,2
925,X-5337958G,2318.69,3
926,T14802622s,9463.11,9
927,k-6591744D,1984.6,3
928,z-2033330g,7499.1,8
929,o18752959g,323.62,3
930,t11356436u,1797.44,9
931,V-2169580X,500.78,8
932,R89114665D,391.27,8
933,F15011099W,2265.75,2
934,T22451402g,1047.86,9
935,t61975264x,2367.95,7
936,X-1055263h,4510.42,8
937,B-1276447I,1549.02,4
938,F57559229C,1116.58,9
939,s-5093199D,6155.62,9
940,B-1571885y,661.08,6
941,e14382410l,476.43,1
942,c-1538833m,1846.96,6
943,G-1242522V,5458.11,5
944,z52651957L,5486.4,1
945,R15749283D,679.32,1
946,Z-7340686v,2325.36,0
947,X13250656u,2326.99,9
948,b-1016644U,1959.46,4
949,e-9324711M,5554.7,9
950,S-1099304I,4086.1,2
951,A-1956639b,6554.17,3
952,X-8191999r,4277.17,1
953,g83089172g,2282.85,0
954,m-1402552y,2195.87,3
955,G-2990262b,6290.37,9
956,p97508110p,3198.64,1
957,O-9487423J,1203.12,1
958,o21208881t,10173.86,0
959,m-1655829f,1303.88,0
960,s-1795135b,3828.38,6
961,X10754765V,1385.18,7
962,q-1010002z,561.72,8
963,C-1546256l,14248.67,8
964,x80611394y,4240.83,8
965,x-1155940j,6627.12,8
966,y17958394w,2118.86,4
967,w75295475d,354.88,7
968,a-4209036O,808.08,2
969,z-1424722R,4153.05,9
970,e88950408e,7610.63,4
971,z-1104831H,383.63,3
972,E86045670c,2416.25,1
973,v88691914J,1359.17,4
974,d-6273123g,15164.56,8
975,I-5675626j,1210.64,3
976,K91014117o,11187.83,3
977,r18501621n,3020.34,4
978,A-2157802N,1503.44,0
979,f55908334b,3482.99,8
980,L13979610h,372.72,0
981,x38201050e,3580.07,8
982,L86038163R,5023.73,3
983,H-1751594v,3853.14,0
984,r-2079936x,1978.91,2
985,K-2275807Z,521.57,7
986,N29840074e,776.08,0
987,U-2283333k,644.67,3
988,f21333384S,964.92,4
989,p-1229769J,1141.24,9
990,r-5540835r,8656.35,0
991,R-2878244Q,1671.83,8
992,a51887682f,2603.71,9
993,Y74292605C,844.41,8
994,K-4627145s,5062.29,0
995,K-9436185H,928.07,3
996,h90156916h,4166.44,3
997,a-1946557R,3124.7,2
998,W-3891859t,5641.13,0
999,E-7802767l,2168.68,5
1000,M-2277769E,1025.49,8
1001,u19642552o,15640.34,1
1002,x98858599X,3713.98,2
1003,b53350458l,1851.45,9
1004,U13465352s,2906.17,7
1005,m22143297y,7877.22,5
1006,J20243122o,1893.84,7
1007,l-9821804Q,5539.72,2
1008,s73940471Q,867.69,7
1009,t-2297441l,4751.76,7
1010,q12145655O,1205.3,8
1011,b-2599382m,3559.17,4
1012,v-1299369C,4100.66,6
1013,B43377576R,1516.2,0
1014,j18433975f,9512.59,8
1015,r12315595Q,1755.48,6
1016,z55650126E,2612.21,4
1017,f76040339F,1017.4,6
1018,P-1722143i,2516.08,1
1019,i-1260000J,1129.4,5
1020,j19148530u,3907.39,5
1021,f22138231E,4523.22,3
1022,V83870783w,3246.16,9
1023,O-8288025e,1104.8,2
1024,p-1854885f,1643.21,4
1025,J-7902945N,2632.95,7
1026,G12472145Q,782.77,2
1027,k11261165S,2123.77,2
1028,l-1737033R,4077.65,4
1029,m17424608q,1419.19,0
1030,W10552458N,5671.41,6
1031,L-1525462q,2027.98,9
1032,z17317811F,3486.85,4
1033,g17604731B,422.91,3
1034,j-9417716z,852.99,6
1035,F-8081733V,634.76,6
1036,V34635115U,9358.19,8
1037,u21716903G,788.63,9
1038,B44457813K,1364.12,3
1039,Z95207161f,1726.97,2
1040,V-1791691i,1588.78,7
1041,T13929401h,2688.89,7
1042,c10078355B,2448.78,0
1043,k53527360z,1425.79,3
1044,j47860209v,4392.91,2
1045,L-4359316J,2003.5,8
1046,C-1282139K,6436.72,6
1047,V18494938a,748.94,2
1048,i15507571c,1695.47,5
1049,m-1183503n,4099.73,5
1050,i-4948425K,4701.79,1
1051,b-8098670o,872.95,1
1052,k-2063559v,2114.12,6
1053,W-9736867F,713.63,4
1054,F-1617117u,4210.98,5
1055,Z-1215607M,1047.03,8
1056,K17948343e,839.89,6
1057,s22711570h,4475.54,1
1058,E-9772567U,4739.58,4
1059,p22438429U,2129.51,7
1060,B-6025126p,7816.35,6
1061,d-2973997T,3534.55,3
1062,s17922461E,3518.93,9
1063,D-1872183T,1742.76,1
1064,x15885063C,4263.69,9
1065,G-2033856I,5361.27,8
1066,p-2709288d,1289.78,1
1067,B22876755u,1632.7,0
1068,O19079001s,1075.48,2
1069,R-7985955b,462.39,3
1070,P-1455215x,1032.44,6
1071,b-2020563x,1272.52,7
1072,k-1116393U,8209.56,1
1073,t10480222N,1836.0,1
1074,N-1173416G,1871.23,8
1075,p45485968r,1267.92,5
1076,w-7960339R,1215.79,2
1077,q19295660b,3396.27,7
1078,e10695158w,1535.77,9
1079,d-3096262i,5222.6,0
1080,K65157128T,1375.17,9
1081,f15758729f,2484.84,6
1082,t-6744951h,6503.22,5
1083,Z64841412z,3029.06,1
1084,q14218693U,2014.13,5
1085,i65206392I,1035.2,2
1086,Z16324825g,3872.25,9
1087,e58896117T,574.68,9
1088,K-1677124d,6964.35,2
1089,b35718807I,3345.04,7
1090,V97485328d,335.53,9
1091,R-2824741Q,492.69,4
1092,M-2130010I,9794.88,3
1093,N10159439v,3107.26,4
1094,F45462936z,3431.93,6
1095,p-1518592V,3864.31,6
1096,X-2494579Q,2984.87,0
1097,e46251116n,1702.84,8
1098,v-9957846B,3896.62,1
1099,u19644523F,22819.14,0
1100,T13028640g,5805.09,2
1101,G-1964724b,532.91,6
1102,m16859646c,10991.28,4
1103,d-1391916M,887.71,4
1104,i-6370435c,2168.45,5
1105,T12624719o,1906.49,1
1106,B11921379d,12801.72,8
1107,a67229154g,716.02,5
1108,u14638117A,1555.51,5
1109,L-6802285d,998.17,6
1110,s-1372033F,5324.9,0
1111,x53768772i,2168.34,4
1112,v22019991n,5618.58,8
1113,g88678216g,691.12,1
1114,b-7314701z,3249.49,0
1115,N-2930071J,1281.01,4
1116,W-2145474K,658.96,0
1117,d-2251789J,5276.19,3
1118,S-1907504N,4964.62,7
1119,e-5805562W,363.43,6
1120,N44849090k,44195.25,5
1121,I13538939n,7003.36,3
1122,x-6241530r,2739.74,9
1123,N-1337765t,30973.17,8
1124,n10482164t,3468.48,0
1125,q78677693j,1457.56,4
1126,N32430719L,8355.58,3
1127,p-8718312x,543.21,5
1128,T-1931494b,400.56,0
1129,y35238235q,2079.07,0
1130,F13192545Q,2857.16,2
1131,W18403556e,2860.24,3
1132,M82843835N,796.62,5
1133,s13606781f,1400.88,5
1134,t-2138235v,1023.98,7
1135,S16342495w,687.9,8
1136,W-2042458Y,20638.71,5
1137,c11505078D,1990.39,7
1138,h-1488746F,2143.64,5
1139,t67883849F,2561.06,4
1140,m14751349G,13398.63,0
1141,L-2236074w,1649.67,3
1142,Q22604154e,243.69,7
1143,I-1499320U,2680.09,1
1144,w-2107765l,1588.04,9
1145,M-4256527V,1481.43,4
1146,V14377897W,8355.79,4
1147,r-1938611y,2511.3,4
1148,c-8145167j,2243.56,1
1149,B91129852I,585.12,5
1150,M37487017a,2098.84,6
1151,z-2004787O,2072.99,5
1152,l-1645080P,1757.79,8
1153,V46220162X,35370.5,6
1154,v84995071C,4297.8,9
1155,H19405674G,465.9,1
1156,O22899655s,475.41,5
1157,Q13439225z,721.89,6
1158,h-1050982E,951.46,0
1159,P74322315x,4243.2,7
1160,R15925847J,2225.95,7
1161,z-1765070X,3486.77,2
1162,w-1029280i,2004.86,3
1163,z-1923449T,2336.52,8
1164,O20152474b,2105.58,9
1165,d-1150959l,311.34,5
1166,E16848552h,2480.94,4
1167,g15598327l,3083.84,0
1168,R14260142p,15183.06,7
1169,H-4546747T,3093.5,9
1170,f-1148428g,2081.24,7
1171,T-1017836m,529.53,5
1172,g-2265044F,3784.44,9
1173,j18260546M,2439.59,3
1174,B-9426058n,2207.52,6
1175,r-4084524U,1671.97,1
1176,L-5326583i,35249.66,7
1177,I-1760030m,726.8,7
1178,c-1205079o,1425.22,4
1179,s-1194174G,3362.14,2
1180,z11424698a,2082.07,4
1181,u12808660Q,3412.2,3
1182,q14308699p,1328.48,9
1183,h14275703Y,749.26,3
1184,f21537042p,1208.75,0
1185,w-1541101s,2460.45,1
1186,D85554326y,7186.29,6
1187,v19622542w,3326.59,3
1188,g15134858G,3341.69,2
1189,T-1971816y,6898.5,0
1190,C-9596685X,3886.24,8
1191,b-1448976u,2183.59,1
1192,T20813001U,8585.28,4
1193,N-1202466T,933.53,6
1194,A-1228282M,3861.48,1
1195,I-4541478k,998.54,9
1196,C72529736J,1825.35,4
1197,u-1444692P,635.25,3
1198,D16135750H,409.82,3
1199,K-1436228o,3568.99,2
1200,i-7847314g,4604.01,0
1201,z-1432906b,1789.34,6
1202,a59990556c,1227.34,8
1203,N96513993C,3875.07,5
1204,i-1870741R,1726.82,0
1205,s-1843132u,5843.37,7
1206,o-1115986v,432.04,1
1207,t38578752d,6793.45,0
1208,C10051284I,2083.75,9
1209,l13569942Y,44222.43,3
1210,h-2041660O,3190.02,6
1211,z-1435869q,4147.9,4
1212,T-5519773T,481.93,7
1213,O-5485697r,2181.77,8
1214,P-1558274R,5802.07,1
1215,x-2038594x,941.16,4
1216,D-6990841m,3193.62,4
1217,A65531464N,1440.3,6
1218,o77710485U,4978.64,1
1219,Z19095231c,1074.72,1
1220,T10888967t,992.36,6
1221,p-2255017N,2233.89,6
1222,q-1756523i,2195.1,8
1223,Y-6535925G,707.24,7
1224,k26646728S,1916.11,1
1225,E10817164G,1314.81,9
1226,i99098791Y,2334.42,9
1227,x78013621Q,1313.13,4
1228,v72063519l,842.59,1
1229,G-1501447C,22636.59,2
1230,J11325795N,6140.92,6
1231,Z21101596H,1297.35,6
1232,J-1113742S,3857.87,7
1233,z66178432L,974.02,2
1234,Z-5687556v,1113.0,3
1235,t16803701q,864.61,9
1236,O62055401u,517.05,9
1237,g-1993142v,6876.38,5
1238,b-1419953q,5846.05,1
1239,g20755268p,5675.65,5
1240,J-1674693O,9221.41,2
1241,y-4433197h,8431.0,8
1242,q13192264P,5241.01,1
1243,Y77058654W,1203.49,5
1244,A-2296917r,5115.47,1
1245,O-2688441F,11247.94,0
1246,F36891838q,4769.71,5
1247,M20797256F,7980.02,9
1248,o14161849i,1943.62,7
1249,L14463305V,1632.04,6
1250,d-1069476v,5776.63,9
1251,A18130070W,3953.61,4
1252,N48891421Y,1086.4,7
1253,r-3882229P,3501.59,0
1254,k-1148512o,6668.45,6
1255,K19117294v,975.43,5
1256,R-9698903l,606.64,0
1257,n18568803d,947.8,4
1258,u18380175j,2005.08,1
1259,v48821525w,885.96,5
1260,R-1929076H,2447.31,4
1261,R14565987z,4744.72,3
1262,j-2092568x,2077.22,8
1263,S45472418H,652.62,3
1264,d15211601W,1702.6,4
1265,q48434550h,6721.09,9
1266,S24664424B,3341.64,0
1267,z91353693Z,538.37,6
1268,d-1078291X,2591.23,8
1269,y-2155004p,530.79,2
1270,f11749417l,876.4,6
1271,h66939763B,2268.61,4
1272,d16236969s,2821.92,2
1273,p25512710L,3916.81,4
1274,F37580132V,938.12,9
1275,l-4067739z,3206.94,6
1276,o-2117199c,8118.79,2
1277,w12773963K,2526.36,6
1278,C12905383w,1316.09,5
1279,m27367092i,1074.4,9
1280,v-2285960e,1333.88,6
1281,k49230827x,3397.61,5
1282,A19264202q,679.63,0
1283,x-1917627k,3803.05,9
1284,v34523863p,974.36,4
1285,L18993999w,3346.69,5
1286,x27866622h,2967.62,2
1287,f-1853653Z,3279.68,7
1288,R-1884707W,1851.31,2
1289,i17810499T,1661.95,0
1290,W78299212w,2328.32,6
1291,w14433777p,3797.84,1
1292,H11593230U,2007.91,7
1293,h15130253D,8421.58,1
1294,X11054176S,1255.23,8
1295,Z-8446585u,3659.17,2
1296,L12738838U,395.09,6
1297,M13557782G,25715.43,8
1298,f78630029r,14804.61,1
1299,O-9483543e,639.18,8
1300,h-5517689I,1389.69,0
1301,I29670539p,6063.1,8
1302,u-1562836u,2933.45,9
1303,f-1256567w,882.65,6
1304,d-1499264O,6980.78,9
1305,k-9974810a,3633.87,6
1306,I58543255u,360.83,3
1307,J-4114552o,6611.46,7
1308,v-1348159h,976.42,9
1309,o-4164928U,1108.65,7
1310,H44042475h,4807.43,1
1311,W67288330r,256.84,6
1312,o12808130Q,502.32,5
1313,M-6381482U,425.99,8
1314,u-1483442N,18716.58,6
1315,S50025102C,2397.58,7
1316,w-3920980N,8079.62,1
1317,Q12332938h,5363.14,9
1318,j-2299409Z,1890.97,1
1319,K11706281f,3402.26,2
1320,O-2486036j,5233.92,6
1321,t-8810902I,1720.43,9
1322,h20475534X,975.12,7
1323,q-2262220H,3456.76,1
1324,V86791015e,2868.97,1
1325,k-4177928A,3826.45,5
1326,i12582651H,3186.98,4
1327,D-8879476a,5099.18,5
1328,A-4388746k,1732.31,4
1329,v10840367M,3529.05,6
1330,T69253406y,3959.91,7
1331,C17218196q,1338.54,5
1332,Y22725587G,575.54,4
1333,D-1297931h,959.77,0
1334,o-3452756G,7786.76,7
1335,o-3097493N,837.57,2
1336,U-1111974C,3484.57,6
1337,Y-1175573T,1817.65,9
1338,R-1348537L,4096.04,7
1339,G-6080211i,11765.82,7
1340,N18096525X,1857.81,5
1341,Z-1507790Z,5207.24,5
1342,n20176674t,6006.18,5
1343,a22370652k,1018.67,9
1344,y-1494852A,1929.84,9
1345,n-9327549l,295.58,2
1346,I20629724K,3375.63,7
1347,P33310269L,3941.69,2
1348,D-2197400i,993.45,9
1349,o-1745163l,7966.08,3
1350,V96754329h,3685.08,6
1351,Y17319354d,8440.01,5
1352,k11526558b,496.26,1
1353,T-9114355z,2717.01,3
1354,W-1538165q,10451.34,5
1355,P86492880m,1723.95,8
1356,a56690336a,2439.53,2
1357,d49016497x,1550.3,8
1358,p17927557N,242.22,4
1359,f-1833647Q,5076.19,4
1360,G-5802745y,844.49,4
1361,n72821280e,862.89,2
1362,I14877267r,3291.79,7
1363,n19095522k,2039.11,3
1364,M16247717Y,3064.75,3
1365,K94908453V,2439.22,8
1366,C-1615695X,2408.44,9
1367,k25002330L,34915.98,8
1368,K23027223e,3788.94,6
1369,e-2141689x,2377.67,5
1370,i-2296057M,4361.76,4
1371,j10329551Q,1406.9,2
1372,U43132093r,5181.24,8
1373,P22362100d,2507.84,1
1374,q11710186w,4278.82,3
1375,u-1256596i,1136.52,4
1376,b-1441595E,3553.65,8
1377,C88130543S,3029.94,7
1378,k-2258315m,4381.56,5
1379,u-8880366u,3273.75,2
1380,L73176899o,4819.4,1
1381,j10534290W,529.27,8
1382,W-1261565K,6843.31,5
1383,f21748487q,3363.31,6
1384,N-3700375g,8101.48,9
1385,W11094351T,656.07,4
1386,e-1632869f,7309.87,7
1387,A-7245140H,1667.31,5
1388,a38819194R,892.57,1
1389,D88344444z,10885.07,6
1390,E-2196240r,1227.56,6
1391,P58511672r,1166.93,1
1392,U19913900a,1798.85,8
1393,X88728094G,1319.76,4
1394,K14458511K,605.53,9
1395,d-3934635Q,1504.53,8
1396,S-8631452Q,3527.38,4
1397,Q58926665G,1968.53,0
1398,W-1652862N,951.77,9
1399,X18004949I,2998.79,9
1400,E-4467489A,616.7,2
1401,p15480858O,1805.76,0
1402,e64842741d,3309.95,5
1403,f-6608406e,8506.96,7
1404,f-1958284u,6438.71,0
1405,I-5997907e,923.78,0
1406,A-1079539w,2674.5,6
1407,G-1995566F,2352.1,9
1408,o25113856w,1608.03,0
1409,Z-6848638K,3868.5,3
1410,L-8838271K,2580.1,2
1411,S16201816J,3061.37,4
1412,W-5465085u,9848.78,4
1413,i-1727733j,3736.25,7
1414,I-2277221J,411.76,1
1415,J12910153n,918.07,8
1416,N76275408I,2049.76,5
1417,t11302884D,834.19,5
1418,R-2936061K,16164.82,0
1419,v-1922740b,9040.43,1
1420,m22595960l,3761.92,2
1421,m-1081136r,8003.39,5
1422,T-4791409E,840.4,0
1423,H22874195d,467.08,9
1424,C13109091o,7073.6,1
1425,h14762717O,1193.09,6
1426,M-1111680h,9751.41,6
1427,f-1640048B,3553.42,2
1428,C-1072482Q,341.89,2
1429,R63811585p,898.87,8
1430,d-1051262p,1003.22,2
1431,i11748425a,2811.94,8
1432,a97165984P,2386.96,5
1433,P20515953Y,1759.16,4
1434,M-1963958p,465.83,8
1435,o21869800I,2457.85,6
1436,t87727056H,8576.36,7
1437,k21821329d,2942.87,2
1438,e-1793470V,854.53,9
1439,U-6122657S,1331.55,5
1440,N41647899e,3088.21,8
1441,N22527355E,2154.37,6
1442,H17549143D,1661.32,7
1443,h-2128254A,1823.74,5
1444,e11547536L,976.12,8
1445,y-3814795q,1498.65,2
1446,V12462480t,4259.42,4
1447,p22133368b,72270.26,3
1448,M-1786506l,982.18,2
1449,E-1192475T,2056.93,8
1450,E11949860p,2409.97,0
1451,h-2096845p,3960.05,6
1452,G17430753s,4622.74,6
1453,w-5388022o,3405.32,7
1454,B25854093d,458.06,3
1455,Z69629123S,4232.08,0
1456,h-1428946I,726.05,4
1457,S-1358921N,7916.74,6
1458,Z60401723J,2672.71,2
1459,s18901076N,7024.47,7
1460,V-1176448O,1809.22,3
1461,j26265780j,2606.62,0
1462,r48172718A,908.63,0
1463,d-8002745O,3550.91,4
1464,q-1487182h,639.77,5
1465,D-8569809Z,1723.61,2
1466,v-1780358c,21268.97,7
1467,I-1820859i,1853.24,7
1468,q22680253Z,10241.98,1
1469,E-1232264m,9477.69,4
1470,Z12282683t,5829.17,6
1471,w-4694330w,4428.69,6
1472,u41475684g,946.0,6
1473,v22877971A,10847.7,9
1474,U-1810601i,1667.72,4
1475,f-1733732O,454.62,2
1476,T89595628a,1692.7,3
1477,Z-2109687y,634.33,5
1478,r21497854N,1929.52,6
1479,U59594722h,3953.7,5
1480,v-9816729Z,1563.47,9
1481,h-1856871O,13956.27,0
1482,r66547692x,3162.2,8
1483,H22956801B,2897.36,1
1484,E-1030575F,514.94,4
1485,K14620940o,1281.51,8
1486,M65548078V,2468.94,9
1487,N-1726327i,4038.63,4
1488,w-1247066y,3853.37,8
1489,g42249929i,1009.61,8
1490,a20879753i,568.37,8
1491,R-1015571o,1982.95,4
1492,D18873569A,2905.43,4
1493,P-1424840K,1529.78,5
1494,u-1813398B,677.52,9
1495,o-9110587W,5928.65,4
1496,U10311712e,668.34,6
1497,m-1088453g,1477.72,1
1498,f-7120148O,1447.7,4
1499,f43525913Z,3267.84,0
1500,V-1004656F,3701.39,5
1501,N-1585083b,995.23,3
1502,t15843955M,1349.43,8
1503,N-3512121s,834.62,3
1504,E-2184088G,3516.33,1
1505,h15062276x,2076.69,5
1506,s90558240D,7434.61,0
1507,L-1816115Y,5420.93,0
1508,i40584522k,1425.18,8
1509,A-1680490U,1027.74,8
1510,u12261336F,1558.65,1
1511,q-1248463u,2098.17,3
1512,m52656713y,14465.59,6
1513,L-6228218t,1657.03,8
1514,k40909397b,1478.46,2
1515,A-1721538a,1700.48,7
1516,p14707024B,6220.67,6
1517,u-1058332x,3011.48,0
1518,w13176062d,2279.53,7
1519,B13169162p,592.95,9
1520,f17933532Q,2161.7,2
1521,P-1313124Y,813.0,8
1522,F14063148j,5261.5,9
1523,J79491457w,2492.24,9
1524,o73706221L,8257.45,7
1525,Q13493762f,4875.65,0
1526,I12233871v,672.02,4
1527,A19937465q,1914.59,7
1528,i12150044m,705.55,9
1529,E-1571710h,1787.36,7
1530,R61678217L,595.57,6
1531,k-1178981C,2365.96,0
1532,M77185218x,1623.22,7
1533,k11391896M,2884.32,7
1534,l-3474389b,1428.8,7
1535,x-1367493b,3239.51,1
1536,N28690532T,404.65,9
1537,M20461177C,3043.17,1
1538,v-1950459j,1172.96,5
1539,P-1366157f,6414.13,5
1540,k-2198355u,1257.14,2
1541,r-2272437U,485.3,9
1542,H-1610911B,1526.39,3
1543,o-4950899p,1439.07,2
1544,q-4569496u,5488.57,4
1545,B14927437i,2758.26,7
1546,E13226619z,3204.34,5
1547,g-1495042h,2228.86,8
1548,a-1279143n,3123.72,3
1549,n84700288Y,6011.18,2
1550,P94483357J,3131.24,5
1551,e-1100534R,1224.81,9
1552,p-1097843f,389.65,9
1553,k28316812g,3314.18,9
1554,T77801635B,1748.15,4
1555,z-3757964J,2193.08,1
1556,n83325059s,2949.71,1
1557,n-5592412g,1001.51,1
1558,X20156241e,20275.29,9
1559,v-3839326y,1037.61,6
1560,d21849459k,19103.96,5
1561,V11493739H,683.31,5
1562,e-1713473l,2118.53,3
1563,o-1428006H,1238.59,2
1564,P-1019884q,612.52,5
1565,a-1405894q,4965.27,9
1566,d-7666372x,3289.89,3
1567,Z-1984492i,1251.53,6
1568,r10507876y,8810.55,6
1569,N12915117c,668.45,7
1570,s48916749r,2400.72,8
1571,x-8009442a,939.36,7
1572,V-9605877z,2765.43,1
1573,J12356869N,721.83,8
1574,A14283545z,585.51,0
1575,q11931054T,2856.44,0
1576,a18429533v,1026.73,4
1577,Z13225783s,4446.16,2
1578,r-5143581F,1803.67,1
1579,I38773245A,3096.65,7
1580,Z34825463y,411.51,4
1581,Z22393693I,1128.74,3
1582,Z-2191916Z,1320.69,2
1583,v-9686944h,643.35,2
1584,Y74309277t,2852.45,8
1585,O-2071605g,2521.85,5
1586,N-5150907H,1137.6,2
1587,L-2259780s,677.22,2
1588,O25177740V,2628.54,2
1589,h64057348f,1645.59,9
1590,i-3471993K,1425.4,5
1591,o30401798v,2285.35,2
1592,s11758995J,1373.07,1
1593,m13716525T,1110.09,9
1594,I22962781q,791.63,0
1595,i-2002618e,1994.47,6
1596,S13436513x,16151.93,4
1597,a11027421p,5187.05,3
1598,c-6945557y,5580.35,4
1599,c-6308705d,1462.94,1
1600,P-2109405G,2936.53,4
1601,X-2155322c,1904.22,2
1602,e-4777482n,2257.82,1
1603,r-1093205B,5131.06,9
1604,l-6384509w,5203.35,9
1605,p60146435a,3288.82,8
1606,p-2236312n,507.04,6
1607,a-2141621o,2294.28,1
1608,l21588657Q,3427.13,8
1609,u93240925H,3705.65,7
1610,B22565681K,742.77,1
1611,l-1476769O,2439.9,8
1612,S-1091522c,3041.06,6
1613,Y-1061099U,9203.96,0
1614,W36422656G,581.67,2
1615,y-1223003V,3058.58,9
1616,R53335131O,4950.84,1
1617,B-1031686U,4998.67,0
1618,q49298313H,1465.49,3
1619,Y-1143965Q,36689.83,9
1620,S24142286K,1909.15,5
1621,t-1802527u,765.85,0
1622,Y-2144374L,668.11,5
1623,C-1160143Y,2885.71,6
1624,d-1898242x,1720.1,7
1625,k11852509F,6556.95,4
1626,n55774167X,1055.83,9
1627,M22148410M,548.01,7
1628,z16830819k,2041.23,0
1629,z-4653924H,5584.46,0
1630,L-1749801m,977.72,0
1631,f-2607363Z,521.35,3
1632,K-2477266U,1155.87,6
1633,W18352080m,1452.38,7
1634,m73044907l,7185.29,7
1635,L85244434f,2147.26,8
1636,j24265577h,823.14,6
1637,z30949635I,1649.74,2
1638,F12160774Y,2482.59,8
1639,b17612610K,1266.19,0
1640,i30546413z,6493.27,8
1641,Z-4890116p,725.93,9
1642,R-1156519s,3213.13,9
1643,O-1332601s,10594.99,4
1644,b77936061P,1992.11,1
1645,m11184489u,1582.27,5
1646,v-4415133s,2468.05,5
1647,H-1361541T,643.35,1
1648,N10483951b,12605.61,4
1649,c13849387F,1593.53,1
1650,Q-7081222u,707.47,3
1651,m-9016178m,4399.51,3
1652,Q16225830I,5092.48,3
1653,U-1153003l,7503.44,7
1654,r-9955746M,1625.36,3
1655,u21483945j,4944.95,9
1656,X-1533262M,4877.38,4
1657,y12035374i,2651.31,9
1658,Q36615111R,4960.33,8
1659,y22394536i,11671.11,5
1660,Y-1269300M,1446.26,9
1661,T19756755G,47876.25,6
1662,z63831486P,996.82,5
1663,t33324223A,1052.67,0
1664,E-1432268e,2239.91,2
1665,C15710178d,1606.13,7
1666,q-1009009e,1292.12,9
1667,H-1760771N,2095.19,8
1668,u-1663903c,1918.04,4
1669,s77828126e,1423.85,6
1670,r18055390O,4817.07,5
1671,k-2099585y,2047.85,1
1672,P11233777z,1525.88,1
1673,Z-1646206B,2954.21,3
1674,m-2097732q,5833.99,8
1675,H-2071162e,737.61,8
1676,P-4438054o,1933.56,5
1677,y15810685M,8307.93,0
1678,d21227181g,5259.08,5
1679,Z-1064749o,2421.17,5
1680,M11266536h,1623.0,2
1681,W75044414r,3970.85,0
1682,N13425049S,7849.84,0
1683,x39431048L,788.3,2
1684,Z12150281q,259.04,3
1685,h17140125L,594.45,7
1686,W-1536006u,1341.43,4
1687,D-1643531L,4800.57,0
1688,l-7638691q,1100.12,4
1689,v-7261069g,3681.58,5
1690,j21980629t,4923.7,2
1691,I18110998S,2516.26,7
1692,P18925683P,1367.67,7
1693,z20009031Q,3983.13,8
1694,X-1265885g,1057.95,1
1695,x-1331305Z,1066.98,3
1696,j-1650243q,1113.68,1
1697,j-8936156D,6966.85,6
1698,Q-7254581y,3246.5,4
1699,A-1339912r,2301.52,9
1700,P17182864p,6360.84,6
1701,n-4305943r,1962.88,9
1702,v22568580b,83280.79,8
1703,K-2148384J,3562.36,6
1704,H22200136U,8263.2,9
1705,w-1155728y,1438.43,0
1706,a-1448713X,1315.39,3
1707,B-3521656h,1442.83,5
1708,P12327999U,1820.26,0
1709,s-2215336y,650.27,4
1710,x40724550Q,4588.73,8
1711,o12778916s,592.84,4
1712,n22697202D,3689.18,3
1713,M-3079970D,2479.98,3
1714,Y11193447p,2856.6,9
1715,f11034155i,4506.22,6
1716,S-2198765D,1251.56,5
1717,H49846586w,2061.35,3
1718,r-1157052Q,2097.22,1
1719,e-4053068Q,2171.45,6
1720,z14411100u,26570.32,6
1721,t18089882q,1233.7,5
1722,a-1306492a,1997.68,2
1723,X19967327p,2430.3,5
1724,R19722314B,506.81,0
1725,m-1897070a,636.08,8
1726,V-1522589e,3234.11,2
1727,t-7837678N,10220.13,2
1728,B-1876818F,1749.36,9
1729,A-2216788Z,2142.74,4
1730,y58058702q,547.08,0
1731,q67265035S,3759.43,0
1732,o-2235999Z,1799.91,6
1733,e16211606h,2348.93,1
1734,f-1511931z,4870.54,7
1735,r78044474N,1545.38,6
1736,X-2032215W,8072.34,8
1737,V54929635N,1383.18,5
1738,Y28100048o,8582.91,9
1739,s-1113642y,5967.2,0
1740,u-1610558w,3018.18,3
1741,o-7943338e,2738.08,5
1742,V30731252o,3363.49,1
1743,J-2049569a,1187.74,6
1744,q73965014U,4598.63,7
1745,Y-2223402p,2102.78,5
1746,f91083403C,895.53,3
1747,F-1424198I,1976.37,5
1748,b-1350184G,8535.21,4
1749,x-1906536c,9747.31,5
1750,u18980487U,985.65,1
1751,e-2144486u,4610.58,7
1752,T91451342E,2698.01,4
1753,G-1056464Y,1134.67,6
1754,r-5783636b,1205.64,9
1755,r15183017n,1185.48,8
1756,L19403211X,3203.98,7
1757,a10378761Y,7833.3,1
1758,B-3210975f,4679.27,5
1759,c-2970759Z,5107.38,7
1760,w-1633549j,909.84,8
1761,R16318248Y,1719.71,3
1762,S22586262X,4468.71,3
1763,O-2404534e,7520.55,9
1764,T10517369V,3160.22,5
1765,X11944438J,11468.72,8
1766,g-2800926C,1596.24,4
1767,c54659423P,834.26,6
1768,G13384578X,3150.19,7
1769,a-9615725L,6584.65,9
1770,w-1727439L,13707.77,4
1771,j-1671899T,1678.83,2
1772,u15513075K,308.07,0
1773,A28143979P,576.96,2
1774,N-1944861C,4218.37,9
1775,G-2566303j,10080.02,6
1776,c17239719M,2211.07,4
1777,D70169920n,720.12,2
1778,K42844728e,8237.22,1
1779,n14331762U,527.84,1
1780,i-2071885N,5407.68,3
1781,q15127304Z,7906.59,4
1782,i99395396b,35341.99,0
1783,o13713439w,2569.19,7
1784,x-1078063X,3956.8,8
1785,y-1004097K,1663.4,3
1786,k56274815U,3933.43,6
1787,U-6432729p,4547.94,4
1788,x-2282172P,2135.68,6
1789,J87163790k,1312.31,1
1790,K-6183157n,959.79,8
1791,l55253895U,1347.91,3
1792,W98320909n,1716.26,6
1793,f10607422r,4150.87,5
1794,C13983433s,2316.2,4
1795,K-9603888y,7403.06,9
1796,U-1298358e,1130.47,7
1797,u15884696J,4884.31,6
1798,f22758859h,3671.32,4
1799,F21467141f,1980.91,0
1800,N23968812K,3360.96,0
1801,L-1924578I,4568.7,9
1802,A12536310C,5836.59,2
1803,H-3320077V,838.27,1
1804,U54140464j,1027.51,5
1805,H65625440y,4294.86,8
1806,O-1758049J,6236.71,1
1807,H-1890031K,4245.41,2
1808,M11283443a,1081.26,0
1809,l-1177682G,55572.18,1
1810,l-4181518C,1200.36,1
1811,U-4011173t,2897.67,2
1812,M10065891P,2967.94,8
1813,p-3304414p,4400.13,6
1814,t-1335409s,1968.79,2
1815,L18732146r,578.5,6
1816,K-1849358w,2364.89,6
1817,K11972350D,1001.94,3
1818,B-1790381b,2191.11,2
1819,J22037391Y,1045.31,4
1820,c20402175f,7373.64,6
1821,g-1222874V,973.01,6
1822,o61274518L,47767.73,2
1823,R21238764k,2746.94,6
1824,N-8998248z,842.64,9
1825,M-2095669m,763.07,4
1826,O20073823x,880.45,0
1827,k-7279260O,945.63,3
1828,Y-2287151K,3236.26,3
1829,Y-6116422G,5823.22,8
1830,q-1219686k,535.66,0
1831,V72431856M,953.35,7
1832,P-3038526g,7076.16,5
1833,D-1410955h,9821.39,0
1834,D-1248163R,18561.17,1
1835,Z20694511D,2701.59,1
1836,C-6629572u,1320.73,0
1837,t-8867045F,12547.27,9
1838,a-2041286I,4825.4,6
1839,f57618195v,1288.43,8
1840,i-7895274m,1409.45,7
1841,i19007345u,5897.78,9
1842,B-3724978v,1711.98,0
1843,N15209085J,3047.15,2
1844,M21896536R,3908.33,0
1845,J-2212008m,583.47,6
1846,j-9398790z,3128.88,1
1847,k15205794j,7167.82,0
1848,E-2150699K,1141.25,3
1849,x74754036i,2299.34,4
1850,d15380405J,4828.72,8
1851,z-1598953V,1716.39,1
1852,l29142213W,1236.22,7
1853,u94329520r,2179.09,9
1854,I22669475d,2779.84,5
1855,C19987871T,823.07,4
1856,o-2007726X,1864.24,6
1857,m22088268l,6855.92,1
1858,J-7133460X,3295.82,0
1859,j18905567d,1297.09,3
1860,T87605457N,6183.11,2
1861,T12554358v,1303.03,5
1862,h-9430035Y,497.43,9
1863,O22101080f,6511.4,4
1864,Q71887331L,3895.28,2
1865,q98465080J,2555.74,5
1866,g16521808T,1578.69,8
1867,h-1921200Q,34822.92,2
1868,Y11727925P,1187.82,8
1869,q92431240q,1282.87,1
1870,A-1921611o,1246.71,4
1871,F-7066018m,1384.92,4
1872,J30439877U,1340.04,0
1873,l76478248L,3195.41,3
1874,p36740787D,2998.41,7
1875,t-3165089E,3115.73,6
1876,t-1966351G,947.78,8
1877,I-1759097y,697.79,6
1878,v14951627H,545.82,9
1879,I-5231243q,2028.44,3
1880,P-1509985h,4786.53,7
1881,Z71955553Q,879.35,7
1882,R-4978958a,9194.34,5
1883,i22644848F,2097.0,0
1884,y15813898N,1859.03,1
1885,y24799398d,1117.36,6
1886,W-1602334H,957.72,1
1887,P-2086663p,9657.67,4
1888,A-1952360y,4028.65,2
1889,f11353067l,2415.53,4
1890,Z20404510i,1703.69,5
1891,z-1370671x,1497.0,6
1892,i-1641236y,2808.18,6
1893,q-2131513C,2669.15,8
1894,m10508273p,1181.62,1
1895,F-1309656v,3638.02,9
1896,X29439521Y,625.62,0
1897,L56695370k,1535.84,4
1898,w-3360902w,4571.69,2
1899,Z12981419x,939.53,2
1900,Z82302317n,3381.79,3
1901,u20627445L,6466.33,9
1902,i-2063652a,5489.05,0
1903,D53387197K,648.59,0
1904,T46205315a,1412.7,1
1905,o-1654709m,4008.11,9
1906,Y18898842Z,1671.83,9
1907,U-1438444g,270.62,9
1908,B22148840H,583.32,8
1909,p-7909067P,4022.4,5
1910,K82118402p,3363.16,3
1911,P-1904625Y,604.88,3
1912,B63005670E,2476.53,1
1913,a-1298983n,2746.43,4
1914,a-8447401l,6070.4,4
1915,i13565099o,850.93,0
1916,f-1485816K,576.1,7
1917,g15201375h,559.49,7
1918,d-1056916g,1608.62,8
1919,w-8386823A,3010.53,8
1920,e14576423c,10499.81,6
1921,U15626570a,1369.17,0
1922,C16763454I,808.55,3
1923,p-1077837n,1456.43,5
1924,x-1500687G,3150.75,2
1925,H22971297C,259.44,4
1926,v99331575G,6931.23,7
1927,H-7693291w,6012.76,6
1928,f61114188C,597.23,0
1929,B-3413598z,4912.34,8
1930,J-2163633P,843.49,3
1931,c96131700J,1780.15,9
1932,Q-1467343c,1238.95,1
1933,K47229301D,17588.08,2
1934,Y-1641594R,1570.66,0
1935,q33500226d,1106.07,8
1936,x-8934991u,1695.26,6
1937,H41383708k,1762.83,1
1938,g91653716Y,902.71,5
1939,C11147530X,11980.46,5
1940,u-2300894n,1529.43,0
1941,Q17527154g,1480.92,8
1942,m-2207671H,4122.04,3
1943,n21219044S,11714.5,0
1944,Y-1909289A,2233.82,0
1945,n31468349R,3145.66,6
1946,r32178017j,1379.06,1
1947,q83106491d,2428.85,4
1948,w30595040m,2143.64,2
1949,x-1954941U,609.79,7
1950,V-3403078z,862.31,3
1951,a10804017l,1043.98,5
1952,Y11021530E,3214.45,6
1953,w-1503651B,1080.66,6
1954,r-6945448j,7000.7,5
1955,Z11816007p,7067.26,0
1956,x13838636N,1652.54,0
1957,t-1367911e,3504.9,8
1958,v56255169f,3379.16,0
1959,B-4259316m,3692.44,0
1960,v-7924266I,613.82,4
1961,L12695976N,13682.73,4
1962,q-8187613B,4055.97,0
1963,e16015891b,827.65,4
1964,x-5000537P,1134.48,1
1965,D-7880387d,2514.83,0
1966,H31712627R,2521.1,2
1967,f-7760435s,3237.09,8
1968,a-1602414F,716.73,3
1969,y-4993026F,760.82,1
1970,a15377311f,5336.01,7
1971,U-1696081V,2241.96,4
1972,s19224549D,3943.87,1
1973,w20823113G,1919.54,8
1974,l-1349820J,45975.55,2
1975,R-2948274o,1742.93,7
1976,t16782318O,1348.53,0
1977,Y-1457465R,5135.18,0
1978,v-2144197C,3428.18,4
1979,x-2014093y,4140.32,5
1980,d-4591998F,2212.28,2
1981,r-2090723O,2047.29,6
1982,U-1191921E,14576.35,2
1983,r-1970023T,659.6,9
1984,S-1674892M,936.89,2
1985,G-2162452R,4972.06,3
1986,A80378730d,1090.8,5
1987,u-1819284w,2337.2,3
1988,v-1209318r,1339.7,6
1989,p-3416801F,2516.93,8
1990,g11810192a,2957.29,9
1991,b46831044u,359.88,5
1992,y22428950Y,728.12,9
1993,v20100933V,1306.95,0
1994,d12165520i,9641.48,2
1995,l-2243901f,5765.21,2
1996,m16922194d,766.09,6
1997,t-1587546h,3392.2,1
1998,d86346817o,914.31,5
1999,l79825102V,1193.31,2
2000,C-1658821I,9101.62,4
2001,n-2084367B,854.24,7
2002,z19301567i,2981.9,1
2003,H-4823323i,3729.49,6
2004,n31353865P,225.54,8
2005,i-1314717a,3139.65,8
2006,g88708259n,2218.47,8
2007,M10208049m,30813.35,1
2008,p10312031l,512.43,0
2009,j15820254t,1001.06,4
2010,b11219834D,5299.69,5
2011,g27845738D,2838.02,4
2012,a-2277951A,471.25,5
2013,b-8541663W,9555.57,1
2014,c-1328664u,1740.48,3
2015,q-1501864D,1379.67,3
2016,P-2028474q,2231.11,5
2017,b-1943502r,2069.65,6
2018,X13904036v,3633.23,9
2019,p22201009c,4601.28,4
2020,b-1731846p,4742.04,0
2021,m-1232449r,1681.63,5
2022,s73955878e,850.5,3
2023,w21104807B,3117.36,0
2024,Y-8714590s,1527.44,6
2025,n-6604555n,940.75,5
2026,B20112755F,6821.04,4
2027,r-1818598c,3604.37,2
2028,b48529290x,4731.81,6
2029,P91727327m,869.05,9
2030,J20066002Q,2951.55,6
2031,P-2704218g,1733.33,8
2032,l-1379405m,1091.57,8
2033,C-1517922h,1468.96,5
2034,I-3302827r,482.7,6
2035,t-2006618I,10787.3,1
2036,E-6273926P,421.22,1
2037,a10698807I,2251.72,5
2038,A15941630F,3557.86,9
2039,t-4403975D,6345.42,8
2040,R14388702V,3430.58,9
2041,j-9803131z,875.99,3
2042,V-2042242Z,2556.38,9
2043,Q-2229156F,3166.66,2
2044,P17330852B,3699.85,1
2045,f11770501z,902.28,9
2046,O-7679980f,52576.54,5
2047,d-4958292z,732.46,4
2048,i24986996P,8010.84,3
2049,q96758261e,10222.22,9
2050,r15504196O,1200.05,5
2051,s-9164758n,2092.55,2
2052,R16339581p,1896.82,4
2053,Z92202314D,1739.46,5
2054,A10851146v,993.53,4
2055,Z49218892E,4338.21,1
2056,Y10613935s,1099.09,0
2057,C-6633868m,1173.36,9
2058,R12442788C,4376.55,0
2059,N-2189109n,1816.34,8
2060,x-1111076W,3330.13,8
2061,e23025129X,1400.87,9
2062,I-1847374X,6801.49,6
2063,k15171262X,3149.56,4
2064,d-2112406w,7787.97,8
2065,x-1408552U,1089.4,2
2066,Z34332118r,8711.34,3
2067,h-2930740k,7607.01,6
2068,V-9728915a,1078.47,4
2069,M17938835z,1534.77,7
2070,d42149834P,1691.84,9
2071,y37826050q,3582.57,3
2072,j-1349295E,2575.8,0
2073,I47319182n,1032.32,7
2074,f-1300760u,504.84,7
2075,v14623001k,1863.93,7
2076,f-1863210S,7126.0,1
2077,t94682640x,5138.44,3
2078,L-6391483w,1222.07,0
2079,s18030533g,3224.55,5
2080,I-3655411V,877.81,2
2081,Q-3432704o,3406.26,1
2082,d-3700930e,8178.03,5
2083,R-1779027F,2561.09,5
2084,K-2177169P,5388.58,3
2085,B-1448242P,1024.23,2
2086,V-1493273B,1121.13,1
2087,Z-2128377r,3553.97,1
2088,j-1994836d,718.02,1
2089,I-2255959U,572.58,1
2090,P-2041199z,1985.68,8
2091,R15066591E,388.94,4
2092,G10820921U,8138.03,6
2093,B-1357696S,1348.11,7
2094,h16279695K,2071.66,1
2095,R16902447f,7292.01,1
2096,S-6684161s,1020.7,5
2097,h17861805G,3171.5,1
2098,S54723559F,693.75,5
2099,C-1103176C,4427.75,5
2100,z41508842z,1135.72,8
2101,d16699323u,5785.14,7
2102,C17311656B,825.24,0
2103,B37768184I,15089.99,6
2104,f21340662W,10051.02,0
2105,z56003561k,7832.33,9
2106,F68295874Z,4637.74,5
2107,Q19307898c,1876.74,0
2108,D-1319701n,2328.31,4
2109,y-6093462X,5271.58,4
2110,q20118649S,396.33,2
2111,Q10035994a,2355.61,2
2112,L-4452446Z,1910.16,8
2113,M-3227100t,5139.52,7
2114,B88120693S,8191.42,7
2115,m16516804p,1713.39,4
2116,P19653432E,3371.89,9
2117,x-1749702B,2832.1,4
2118,x13220328w,2901.65,0
2119,h17414658v,1220.3,6
2120,G-4985978n,1976.31,1
2121,b-7040874b,7637.86,5
2122,x58863702m,2514.94,9
2123,x84930337h,3999.73,3
2124,d18957206x,3571.84,1
2125,N-1745703G,4549.4,5
2126,u24432042k,1310.4,8
2127,z30508487R,2652.1,2
2128,r16294059S,1905.92,6
2129,H-2108091L,4461.18,9
2130,T-1861418l,4967.81,2
2131,Y-2287594M,16602.29,9
2132,S-2262856H,2819.57,3
2133,n14735502c,4216.55,6
2134,S42953963r,1502.27,4
2135,T81007701m,4697.19,7
2136,c15981745N,3641.61,8
2137,x17396712H,2995.04,5
2138,i28678068z,798.88,6
2139,h19917788i,1601.64,2
2140,h19371905Z,2480.25,2
2141,k46522161e,6577.41,8
2142,K-5008643Z,1817.54,2
2143,t10067949t,2404.56,6
2144,i-6289789v,1979.75,3
2145,s10053140L,3626.34,7
2146,C50021983M,2179.34,0
2147,b-1088056N,791.8,3
2148,B18251939Y,3774.92,8
2149,j-1094740D,1905.7,4
2150,s-4883893Q,1766.45,3
2151,h22481365A,1934.78,3
2152,J87382695C,3112.97,1
2153,Y-2069784y,3441.48,7
2154,V-2074579X,13550.87,5
2155,L10577542G,1980.85,7
2156,Q75686415a,3341.86,4
2157,o-2139524M,732.5,3
2158,S17148502m,522.85,8
2159,G-1837212q,8265.8,6
2160,s-6339166E,4550.36,1
2161,S21611713i,12970.34,3
2162,E-5860609f,2085.13,6
2163,x90842212V,1257.69,9
2164,T-7684106s,8044.76,4
2165,N87823081W,2046.68,2
2166,T-1994249o,538.37,8
2167,P-5707632N,271.46,1
2168,U38182084N,3693.1,6
2169,Z-7742856C,4374.49,2
2170,P-3929445q,1060.64,7
2171,L10623696e,2604.51,4
2172,v-1313221G,1100.01,9
2173,Q19968160Q,848.78,8
2174,o-4622211t,1731.99,9
2175,d87894116z,4324.9,3
2176,I-2247201A,3381.74,9
2177,k-1506855X,1157.89,0
2178,s33252064R,6361.47,9
2179,T20409757P,4614.5,3
2180,l-6722826Q,696.56,3
2181,k-1717815X,375.91,7
2182,L18104947J,2662.9,0
2183,T18811034j,2881.27,8
2184,V-2090794j,4546.54,2
2185,C-9746243l,1689.41,9
2186,X60884870R,1539.31,0
2187,Y-1109697o,913.81,3
2188,D15509184U,9302.7,2
2189,N-1526726d,4795.1,8
2190,D-6635489N,3109.33,6
2191,P91939666m,1281.16,2
2192,D-4712260c,913.77,2
2193,Y-1242554C,2268.86,8
2194,i-1887608M,408.98,8
2195,x-8099343c,5730.79,3
2196,t-4297703Z,7376.7,4
2197,r-2233973m,1327.36,8
2198,M13526722v,4565.17,6
2199,F15798669C,4386.89,7
2200,A18300888c,420.15,2
2201,Y-5441952b,1354.2,6
2202,W-9551883X,3483.55,9
2203,w-1026142O,7757.69,3
2204,A-1162143G,1583.69,6
2205,k-2104004I,4726.23,1
2206,g27722633v,4048.09,9
2207,Y-5494208v,3947.68,3
2208,R-9466744L,1624.68,9
2209,y-1764725I,2614.46,5
2210,x11273898z,5092.68,8
2211,K18176647E,11114.65,2
2212,q-8257935P,6137.26,7
2213,M16685844b,457.05,0
2214,W-4238283Z,3117.57,7
2215,a17222056W,1062.78,5
2216,d-2262674v,1408.98,0
2217,B-6462073D,1815.37,2
2218,e19946044s,1550.23,7
2219,j22108372p,926.21,4
2220,R10132699W,2064.97,9
2221,I-2007840g,1934.09,8
2222,f-1883871J,3581.04,0
2223,s27214304y,712.54,8
2224,O17925622P,528.22,1
2225,p-1396299V,4657.92,0
2226,d-2149365f,6580.72,1
2227,m-2086369j,903.21,9
2228,p-2247293h,3921.64,8
2229,L17444500d,770.42,4
2230,w-3453520x,1973.92,6
2231,B-1894922s,5076.25,2
2232,q-6906576V,620.41,6
2233,N21592745W,1299.94,2
2234,U22966546t,3149.68,1
2235,Y97882055f,3429.78,3
2236,P65208168w,1177.59,0
2237,O-1977280N,868.87,8
2238,J-5858573C,1832.26,8
2239,b-1600009O,736.74,5
2240,k16185001q,7976.35,2
2241,J-1502453c,1266.07,6
2242,h-1184928f,3750.01,9
2243,w20807148p,4725.85,9
2244,H-2882173Z,2117.67,5
2245,w33168720l,3377.34,5
2246,Z11132495X,594.67,2
2247,W15477386C,8512.68,3
2248,o53903819E,3533.24,9
2249,E-1275783r,2435.3,1
2250,b12599240M,2389.6,4
2251,D44517833b,2332.48,1
2252,j-1377590c,1786.84,4
2253,r-1930669O,693.85,2
2254,N-9452332x,1080.52,5
2255,P-7667678B,2494.51,8
2256,n13224202u,2090.07,7
2257,B20262533I,942.91,0
2258,I13894787U,863.42,6
2259,A65205208z,3757.14,1
2260,x20603919o,1598.25,1
2261,z10457360K,2728.19,7
2262,M-1712519K,1821.75,7
2263,b-1681467p,1689.59,0
2264,h10860992T,1618.72,1
2265,c-1729585F,6310.42,3
2266,O-7780124Q,10374.33,8
2267,N18717997l,828.83,7
2268,M-2028642u,1484.42,0
2269,L96875350x,9020.71,8
2270,s-9180453P,677.08,3
2271,T17061100n,386.04,0
2272,Q-1640989g,2437.2,0
2273,K-1544774T,1475.83,6
2274,G-1577332Q,2323.42,6
2275,V16180698h,473.77,3
2276,O18445397U,893.49,0
2277,U-3643164N,6030.29,0
2278,G-6618695l,417.51,6
2279,S20524077t,695.92,9
2280,B16670617R,4794.5,4
2281,X16721605D,2948.27,8
2282,f-1996175H,577.02,5
2283,A-5101478b,12250.25,3
2284,k-1735337t,1860.36,2
2285,I69261244y,14459.7,3
2286,p18227676S,4458.14,4
2287,B-2051518V,5690.97,8
2288,k17020328W,1524.56,2
2289,N-9313658v,3676.51,7
2290,h-3056262u,7947.43,8
2291,K-1866847F,1143.82,7
2292,u-2156978e,7525.5,3
2293,C-3016941F,581.12,3
2294,c33903073Q,864.52,1
2295,Q-1582698g,461.1,4
2296,K-1010636S,3243.57,5
2297,N70600170h,7013.12,9
2298,c-3410027y,5617.66,2
2299,m-8902512v,7153.77,4
2300,t24316205h,2569.56,1
2301,z41744928r,1757.46,5
2302,n47427969O,7162.17,2
2303,F14857178F,10171.8,3
2304,x18607097I,4835.96,3
2305,q-1778461b,4864.62,9
2306,z30179504O,1524.12,1
2307,k-7078453O,671.97,5
2308,n21726530a,3513.45,0
2309,N-1839822D,1058.52,6
2310,b-1553102t,5233.75,7
2311,e-1590992X,1663.59,2
2312,D11741561w,2727.94,6
2313,a-1830602c,2053.88,7
2314,D-1231501x,3607.2,0
2315,C-1584260v,3241.29,3
2316,p71461747A,4176.63,7
2317,C-8802779C,2540.26,4
2318,C14604474J,7127.09,3
2319,s12923191N,499.97,2
2320,X-6349190I,5931.35,5
2321,e40587429i,2483.33,5
2322,w-2010482q,1621.22,5
2323,e-1764646J,839.95,5
2324,X-2098906t,3447.88,2
2325,X-1655758N,2600.59,6
2326,V14486337I,959.9,6
2327,V-1564308N,2856.45,7
2328,j51305093b,8074.99,2
2329,M-1781596c,3736.73,2
2330,S20112369s,6596.68,3
2331,B-3513567K,3226.88,0
2332,j21246192N,547.3,1
2333,h-1554287F,26414.19,5
2334,A15262612g,2677.95,5
2335,W-2514493U,2213.63,7
2336,z-1337463D,2943.33,5
